0,1,0.040231614,0.028937992,0.028937995,0.097058824,0.745243129,0.558333333,0.709246902,0.42997543,0.052956752,0.012,0
0.035866781,0.933333333,0.040231614,0.028937992,0.028937995,0.55,0.660676533,0.558333333,0.804575786,0.626535627,0.147102089,0.012,0
0.035866781,1,0.040231614,0.028937992,0.028937995,0.579411765,0.639534884,0.558333333,0.804575786,0.584766585,0.114739629,0.012,0
0.060631939,0.933333333,0.040231614,0.028937992,0.028937995,0.844117647,0.512684989,0.558333333,0.899904671,0.557739558,0.102971462,0.012,0
0.060631939,1,0.040231614,0.028937992,0.028937995,0.855882353,0.49154334,0.558333333,0.899904671,0.496314496,0.070609003,0.012,0
0.066609735,0,0.030980714,0.024954646,0.02495464,0.445294118,0.517970402,0.485465116,0.632983794,0.423423423,0.167696381,0.017368421,0.010808836
0.066609735,0.066666667,0.051224183,0.016575523,0.016575525,0.948235294,0.385835095,0.475775194,0.613918017,0.271089271,0.008826125,0.017368421,0.000378467
0.066609735,0.133333333,0.011649113,0.006995654,0.00699564,1,0.006342495,0.03003876,0.389895138,0.453726454,0.000588408,0.017368421,1.07E-05
0.066609735,0.2,0,0.00884898,0.00884897,0.47,0.10359408,0.093023256,0.366062917,0.440622441,0.00353045,0.017368421,8.12E-05
0.066609735,0.266666667,0.101376921,0.056917997,0.056918011,0.676470588,0.278012685,0.272286822,0.456625357,0.274365274,0.011768167,0.007263158,0.001727026
0.066609735,0.333333333,0.07037341,0.043605372,0.043605379,0.842352941,0.549682875,0.455426357,0.580552908,0.290745291,0.002353633,0.006631579,0.000264729
0.066609735,0.4,0.036999043,0.014147927,0.014147944,0.353529412,0.406976744,0.363372093,0.375595806,0.543816544,0.003236246,0.005052632,0.000118543
0.067463706,0.466666667,0.033465554,0.022540101,0.022540103,0.528235294,0.61627907,0.606589147,0.780743565,0.416052416,0.004118858,0.003473684,0.000239873
0.067463706,0.533333333,0.03259928,0.001487882,0.001487872,0.844705882,0.454545455,0.518410853,0.671115348,0.387387387,0.01059135,0.003473684,4.27E-05
0.072587532,0.666666667,0.025235946,0.000469857,0.000469854,0.367647059,0.295983087,0.312015504,0.590085796,0.307944308,0.067666961,0.011578947,9.55E-05
0.072587532,0.733333333,0.021292117,0.028937992,0.028937995,0.567647059,0.290697674,0.347868217,0.78551001,0.910728911,0.014416005,0.012,0
0.072587532,0.8,0.149204395,0.030266644,0.030266659,0.904705882,0.514799154,0.628875969,0.609151573,0.453726454,0.01971168,0.012,0.001540116
0.072587532,0.866666667,1,0.028937992,0.028937995,0.624705882,0.492600423,0.521317829,0.699714013,0.462735463,0.076493086,0.012,0
0.089666951,0.933333333,0.040231614,0.028937992,0.028937995,0.608823529,0.576109937,0.558333333,0.709246902,0.520884521,0.117681671,0.012,0
0.089666951,1,0.040231614,0.028937992,0.028937995,0.620588235,0.533826638,0.558333333,0.661582459,0.479115479,0.064724919,0.012,0
0.104184458,0.933333333,0.040231614,0.028937992,0.028937995,0.438235294,0.512684989,0.558333333,0.613918017,0.288288288,0.038246543,0.012,0
0.104184458,1,0.040231614,0.028937992,0.028937995,0.426470588,0.502114165,0.558333333,0.613918017,0.217854218,0.041188585,0.012,0
0.304867635,0,0.030980714,0.033137994,0.033138006,0.126470588,0.449260042,0.356589147,0.447092469,0.484848485,0.055898794,0.052631579,0.004780762
0.304867635,0.066666667,0.051224183,0.036087654,0.036087663,0.094705882,0.656448203,0.529069767,0.671115348,0.307125307,0.00912033,0.007894737,0.000849286
0.304867635,0.133333333,0.011649113,0,0,0.134117647,0.438689218,0.347868217,0.461391802,0.411138411,0.000205943,0.005263158,0.001632688
0.304867635,0.2,0,0.005142328,0.00514231,0.010588235,0.454545455,0.333333333,0.513822688,0.547092547,0.006472492,0.010526316,8.70E-05
0.304867635,0.266666667,0.101376921,0.080658844,0.080658838,0,0.559196617,0.418604651,0.566253575,0.355446355,0.011768167,0.015789474,0.002446389
0.304867635,0.333333333,0.07037341,0.045014944,0.045014942,0.14,0.594080338,0.488372093,0.661582459,0.493038493,0.000205943,0.003157895,0.000666435
0.304867635,0.4,0.036999043,0.026064031,0.026064011,0.253529412,0.655391121,0.578488372,0.551954242,0.533988534,0.006178288,0.002105263,0.000415868
0.304867635,0.466666667,0.033465554,0.033620903,0.033620904,0.285294118,0.618393235,0.553294574,0.671115348,0.457002457,0.004413063,0.004736842,0.000382916
0.304867635,0.533333333,0.03259928,0.0126992,0.012699204,0.367058824,0.716701903,0.673449612,0.771210677,0.383292383,0.002235952,0.002631579,7.36E-05
0.304867635,0.6,0.016117266,0.01859852,0.018598517,0.337058824,0.677589852,0.624031008,0.84270734,0.297297297,0.000382465,0.007894737,1.84E-05
0.304867635,0.666666667,0.025235946,0.007400253,0.007400275,0.487647059,1,1,0.914204004,0.447993448,0.021771109,0.000526316,0.000419221
0.304867635,0.733333333,0.021292117,0.009070857,0.009070853,0.28,0.628964059,0.563953488,0.62821735,0.955773956,0.05001471,0.046842105,0.001178209
0.304867635,0.8,0.149204395,0.109698639,0.109698639,0.384117647,0.919661734,0.875968992,0.737845567,0.366912367,0.007355104,0.004736842,0.002078946
0.304867635,0.8,0.149204395,0.028937992,0.028937995,0.173647059,0.593446089,0.558333333,0.013346044,0.37002457,0.007355104,0.005789474,0
0.304867635,0.866666667,1,0.028937992,0.028937995,0.352352941,0.645877378,0.599806202,0.728312679,0.479115479,0.052956752,0.005263158,0
0.304867635,0.933333333,0.040231614,0.367415393,0.367415365,0.508823529,0.628964059,0.558333333,0.756911344,0.594594595,0.117681671,0.012,0.111352999
0.304867635,1,0.040231614,0.028937992,0.028937995,0.661764706,0.576109937,0.558333333,0.756911344,0.543816544,0.08237717,0.012,0
0.312553373,0,0.030980714,0.023962725,0.02396271,0.161764706,0.419661734,0.323643411,0.480457579,0.447174447,0.076493086,1,0.004734981
0.312553373,0.066666667,0.051224183,0.03867187,0.038671862,0.226470588,0.669133192,0.560077519,0.671115348,0.292383292,0.004118858,0.042631579,0.000410954
0.312553373,0.133333333,0.011649113,0.011824743,0.011824714,0.185294118,0.430232558,0.33624031,0.489990467,0.428337428,0.000205943,0.024210526,0.001473815
0.312553373,0.2,0,0.007687388,0.007687378,0.044117647,0.487315011,0.351744186,0.475691134,0.493857494,0.001676964,0.011578947,3.35E-05
0.312553373,0.266666667,0.101376921,0.111095159,0.111095158,0.144117647,0.492600423,0.386627907,0.556720686,0.301392301,0.007649309,0.036315789,0.002189609
0.312553373,0.333333333,0.07037341,0.058027382,0.058027381,0.297058824,0.662790698,0.57751938,0.709246902,0,0.001265078,0.026315789,0.000189269
0.312553373,0.4,0.036999043,0.017384722,0.017384703,0.314705882,0.673361522,0.554263566,0.59485224,0.438165438,0.005589879,0.005263158,0.000251342
0.312553373,0.466666667,0.033465554,0.047181509,0.047181508,0.25,0.690274841,0.58624031,0.7521449,0.378378378,0.007649309,0.034736842,0.000930802
0.312553373,0.533333333,0.03259928,0.007556872,0.007556847,0.273529412,0.708245243,0.609496124,0.804575786,0.325962326,0.004118858,0.041052632,8.10E-05
0.312553373,0.6,0.016117266,0.026768817,0.026768793,0.297058824,0.698731501,0.610465116,0.809342231,0.214578215,0.00279494,0.084210526,0.000193203
0.312553373,0.666666667,0.025235946,0.026781869,0.026781836,0.555882353,0.779069767,0.775193798,0.818875119,0.452907453,0.012062371,0.163157895,0.000834227
0.312553373,0.666666667,0.025235946,0.015654081,0.015654059,0.171176471,0.494291755,0.441085271,0,0.293693694,0.012356575,0.231578947,0
0.312553373,0.733333333,0.021292117,0.017241154,0.017241129,0.35,0.544397463,0.48255814,0.623450906,0.692874693,0.052956752,0.068421053,0.002361557
0.312553373,0.8,0.149204395,0.163366789,0.163366755,0.344117647,0.786469345,0.708333333,0.690181125,0.358722359,0.019417476,0.031052632,0.008171613
0.312553373,0.866666667,1,0.046816064,0.046816041,0.367647059,0.520084567,0.465116279,0.714013346,0.402948403,0.08237717,0.078947368,0
0.317677199,0,0.030980714,0.022527049,0.022527014,0.138823529,0.561310782,0.450581395,0.609151573,0.475020475,0.035304501,0.002105263,0.002054868
0.317677199,0.066666667,0.051224183,0.02449784,0.02449783,0.309411765,0.579281184,0.51744186,0.756911344,0.375102375,0.005295675,0.018421053,0.000335103
0.317677199,0.133333333,0.011649113,0.005103173,0.005103133,0.197647059,0.428118393,0.348837209,0.571020019,0.542997543,0,0.04,0
0.317677199,0.2,0,0.008966444,0.00896641,0.119411765,0.204016913,0.135658915,0.5042898,0.544635545,0.003236246,0.001052632,7.54E-05
0.317677199,0.266666667,0.101376921,0.060755165,0.060755155,0.209411765,0.466173362,0.38372093,0.656816015,0.354627355,0.009414534,0.013684211,0.001474635
0.317677199,0.333333333,0.07037341,0.037575536,0.037575535,0.315294118,0.690274841,0.598837209,0.709246902,0.52989353,0.001353339,0.005263158,0.000131208
0.317677199,0.4,0.036999043,0.013886895,0.013886883,0.116470588,0.701902748,0.569767442,0.666348904,0.52989353,0.004413063,0.001052632,0.000158683
0.317677199,0.4,0.036999043,0.013886895,0.013886883,0.116470588,0.701902748,0.569767442,0.666348904,0.52989353,0.004118858,0.000526316,0.000148104
0.317677199,0.466666667,0.033465554,0.028530782,0.028530769,0.209411765,0.687103594,0.592054264,0.804575786,0.456183456,0.002383054,0.004210526,0.000175542
0.317677199,0.533333333,0.03259928,0.010911132,0.010911093,0.443529412,0.657505285,0.635658915,0.837940896,0.427518428,0.005884084,0.013684211,0.000166493
0.317677199,0.6,0.016117266,0.011759485,0.011759449,0.342352941,0.66384778,0.611434109,0.885605338,0.315315315,0.0014416,0.006315789,4.39E-05
0.317677199,0.666666667,0.025235946,0.008627103,0.008627086,0.768823529,0.675475687,0.720930233,0.780743565,0.484848485,0.020594292,0.001578947,0.000461614
0.317677199,0.733333333,0.021292117,0.003980736,0.003980718,0.361764706,0.646934461,0.519379845,0.666348904,0.994266994,0.029420418,0.020526316,0.000307478
0.317677199,0.8,0.149204395,0.068716637,0.068716637,0.448823529,0.799154334,0.785852713,0.775977121,0.436527437,0.011473963,0.011052632,0.002032419
0.317677199,0.866666667,1,0.01860113,0.018601116,0.349411765,0.558139535,0.511627907,0.799809342,0.506961507,0.061782877,0.012631579,0
0.329632792,0,0.030980714,0.028008718,0.028008694,0.159411765,0.460887949,0.374031008,0.580552908,0.481572482,0.076493086,0.011578947,0.005531855
0.329632792,0.066666667,0.051224183,0.034116864,0.034116846,0.310588235,0.494714588,0.442829457,0.7521449,0.402129402,0.007943513,0.121052632,0.000699392
0.329632792,0.133333333,0.011649113,0.0065519,0.006551873,0.272941176,0.276955603,0.230620155,0.556720686,0.564291564,0.000264784,0.247368421,4.52E-06
0.329632792,0.2,0,0.00597763,0.005977622,0.124117647,0.231501057,0.161821705,0.5042898,0.528255528,0.002530156,0.029473684,3.95E-05
0.329632792,0.266666667,0.101376921,0.076273509,0.076273484,0.198823529,0.461945032,0.384689922,0.675881792,0.336609337,0.009414534,0.147368421,0.001850808
0.329632792,0.333333333,0.07037341,0.060742114,0.060742111,0.381176471,0.516913319,0.48255814,0.704480458,0.515970516,0.003236246,0.046842105,0.000506797
0.329632792,0.4,0.036999043,0.020634568,0.020634552,0.158235294,0.55179704,0.455426357,0.542421354,0.466830467,0.006766696,0.052631579,0.000360878
0.329632792,0.466666667,0.033465554,0.03621817,0.036218147,0.225294118,0.591966173,0.510658915,0.847473785,0.454545455,0.003824654,0.033157895,0.000357437
0.329632792,0.533333333,0.03259928,0.010937235,0.010937227,0.277647059,0.509513742,0.448643411,0.833174452,0.417690418,0.008531921,0.094736842,0.000241989
0.329632792,0.6,0.016117266,0.130920529,0.130920486,0.334705882,0.576109937,0.527131783,0.914204004,0.306306306,0.002618417,0.018947368,0.00088318
0.329632792,0.666666667,0.025235946,0.01302549,0.01072092,0.701764706,0.758985201,0.833333333,0.990467112,0.514332514,0.005001471,0.006315789,0.00013907
0.329632792,0.733333333,0.021292117,0.005729649,0.005729605,0.302352941,0.55179704,0.496124031,0.847473785,0.668304668,0.026478376,0.068421053,0.000395963
0.329632792,0.733333333,0.021292117,0.005729649,0.005729605,0.302352941,0.55179704,0.496124031,0.847473785,0.668304668,0.027066784,0.168421053,0.000404762
0.329632792,0.8,0.149204395,0.073376056,0.073376049,0.354705882,0.552854123,0.510658915,0.756911344,0.419328419,0.01265078,0.026315789,0.002392644
0.329632792,0.866666667,1,0.739385792,0.739385792,0.417058824,0.484143763,0.460271318,0.837940896,0.48976249,0.055898794,0.073684211,0.10642968
0.329632792,0.933333333,0.236219395,0.325467573,0.325467567,0.571176471,0.654334038,0.338178295,0.780743565,0.656838657,0.155928214,0.067368421,0.130701367
0.329632792,1,0.236219395,0.164828567,0.164828549,0.664705882,0.605708245,0.338178295,0.775977121,0.579033579,0.097087379,0.067368421,0
0.341588386,0,0.030980714,0.024915491,0.024915463,0.265882353,0.524312896,0.459302326,0.518589133,0.474201474,0.117681671,0.025263158,0.007573277
0.341588386,0.066666667,0.051224183,0.018820397,0.018820354,0.599411765,0.447145877,0.468023256,0.7521449,0.4004914,0.0070609,0.057894737,0.000343585
0.341588386,0.133333333,0.011649113,0.005468617,0.00546859,0.551764706,0.27589852,0.281007752,0.556720686,0.635544636,0.000205943,0.018421053,0.002145702
0.341588386,0.2,0,0.017051906,0.017051878,0.336470588,0.181818182,0.150193798,0.461391802,0.518427518,0.000205943,0.052631579,0.002145702
0.341588386,0.266666667,0.101376921,0.076064684,0.076064645,0.597647059,0.281183932,0.293604651,0.604385129,0.31040131,0.007649309,0.257894737,0.001499668
0.341588386,0.333333333,0.07037341,0.069199546,0.069199535,0.673529412,0.501057082,0.544573643,0.666348904,0.432432432,0.007355104,0.163157895,0.001311978
0.341588386,0.4,0.036999043,0.015622757,0.015622726,0.227058824,0.638477801,0.553294574,0.599618684,0.527436527,0.003824654,0.012631579,0.000154619
0.341588386,0.466666667,0.033465554,0.026259805,0.026259761,0.371176471,0.617336152,0.57751938,0.780743565,0.425061425,0.000205943,0.042105263,0.000632701
0.341588386,0.533333333,0.03259928,0.007361098,0.007361098,0.545294118,0.493657505,0.502906977,0.804575786,0.407862408,0.010297146,0.163157895,0.000197242
0.341588386,0.6,0.016117266,0.010663151,0.010663122,0.653529412,0.55179704,0.593023256,0.880838894,0.285012285,0.000205943,0.021578947,0.002867762
0.341588386,0.666666667,0.025235946,0.027564964,0.027564927,0.947647059,0.695560254,0.847868217,0.818875119,0.523341523,0.000205943,0.121052632,0.003558969
0.341588386,0.733333333,0.021292117,0.055873869,0.055873859,0.703529412,0.350951374,0.389534884,0.585319352,0.384111384,0.05001471,0.631578947,0.007205397
0.341588386,0.733333333,0.021292117,0.055873869,0.055873859,0.703529412,0.350951374,0.389534884,0.585319352,0.384111384,0.047072668,0.631578947,0.00678155
0.341588386,0.8,0.149204395,0.086584268,0.086584239,0.662941176,0.492600423,0.532945736,0.666348904,0.367731368,0.01618123,0.215789474,0.003610657
0.341588386,0.866666667,1,0.585481408,0.58548139,0.766470588,0.453488372,0.51744186,0.737845567,0.472563473,0.079435128,0.236842105,0.119764196
0.355251921,0,0.030980714,0.023558125,0.023558121,0.264705882,0.49154334,0.428294574,0.528122021,0.47010647,0.058840836,0.015789474,0.003580997
0.355251921,0.066666667,0.051224183,0.014004359,0.014004324,0.592352941,0.492600423,0.514534884,0.775977121,0.423423423,0.012944984,0.094736842,0.000469384
0.355251921,0.133333333,0.011557926,0.004006839,0.004006806,0.49,0.339323467,0.333333333,0.566253575,0.656019656,0.000205943,0.021578947,0.000975984
0.355251921,0.2,0,0.003461282,0.00346127,0.32,0.298097252,0.25872093,0.461391802,0.527436527,0.002942042,0.008947368,2.68E-05
0.355251921,0.266666667,0.101376921,0.044075229,0.044075187,0.501764706,0.361522199,0.356589147,0.604385129,0.316134316,0.0070609,0.028421053,0.000802728
0.355251921,0.333333333,0.07037341,0.033359872,0.033359843,0.617647059,0.476744186,0.504844961,0.661582459,0.526617527,0.000205943,0.026842105,0.000223364
0.355251921,0.4,0.036999043,0.016692987,0.016692966,0.231764706,0.657505285,0.573643411,0.59485224,0.52989353,0.003824654,0.008421053,0.000165159
0.355251921,0.466666667,0.033465554,0.024719717,0.024719713,0.366470588,0.627906977,0.58624031,0.78551001,0.434889435,0.000205943,0.021578947,0.000232701
0.355251921,0.466666667,0.033465554,0.024719717,0.024719713,0.366470588,0.627906977,0.58624031,0.78551001,0.434889435,0.000205943,0.013684211,0.000232701
0.355251921,0.533333333,0.03259928,0.004959605,0.004959604,0.557058824,0.509513742,0.522286822,0.823641563,0.43980344,0.009414534,0.024736842,0.000122122
0.355251921,0.6,0.016117266,0.006852086,0.006852066,0.663529412,0.55602537,0.600775194,0.87607245,0.280917281,0.004118858,0.014736842,7.35E-05
0.355251921,0.666666667,0.025235946,0.001487882,0.001487872,0.798235294,0.637420719,0.742248062,0.747378456,0.401310401,0.022653722,0.007368421,9.14E-05
0.355251921,0.733333333,0.021292117,0.001709759,0.001709755,0.652352941,0.248414376,0.275193798,0.551954242,0.685503686,0.011768167,0.022631579,5.42E-05
0.355251921,0.8,0.149204395,0.038632715,0.038632684,0.621176471,0.530655391,0.562015504,0.742612011,0.445536446,0.015887026,0.030526316,0.001583508
0.355251921,0.866666667,1,0.439120845,0.439120837,0.717058824,0.50845666,0.564922481,0.761677788,0.624078624,0.18240659,0.018421053,0.206274355
0.355251921,0.933333333,0.237008161,0.265430246,0.265430238,0.551764706,0.761099366,0.374418605,0.847473785,0.61998362,0.155928214,0.015789474,0.106597357
0.355251921,1,0.237008161,0.096174578,0.096174568,0.595294118,0.723044397,0.374418605,0.84270734,0.572481572,0.111797588,0.015789474,0
0.365499573,0,0.030980714,0.028713504,0.028713475,0.240588235,0.494714588,0.425387597,0.537654909,0.471744472,0.044130627,0.005789474,0.003271537
0.365499573,0,0.030980714,0.028713504,0.028713475,0.240588235,0.494714588,0.425387597,0.537654909,0.471744472,0.044130627,0.008947368,0.003271537
0.365499573,0.066666667,0.051224183,0.011707279,0.011707273,0.537058824,0.525369979,0.533914729,0.799809342,0.461916462,0.01265078,0.057894737,0.000383894
0.365499573,0.133333333,0.011557926,0.002036048,0.002036036,0.443529412,0.431289641,0.415697674,0.609151573,0.723177723,0.000205943,0.025789474,0.001490202
0.365499573,0.2,0,0.010389068,0.010389063,0.320588235,0.225158562,0.188953488,0.475691134,0.531531532,0.000205943,0.004736842,0.001490202
0.365499573,0.266666667,0.101376921,0.032863911,0.032863901,0.515294118,0.354122622,0.352713178,0.656816015,0.341523342,0.006178288,0.068421053,0.00052404
0.365499573,0.333333333,0.07037341,0.0249938,0.024993772,0.565882353,0.522198732,0.53875969,0.690181125,0.557739558,0.000205943,0.057894737,0.000233955
0.365499573,0.4,0.036999043,0.015831582,0.015831566,0.199411765,0.649048626,0.554263566,0.604385129,0.529074529,0.00353045,0.010526316,0.000144624
0.365499573,0.466666667,0.033465554,0.02277503,0.022774985,0.314117647,0.649048626,0.590116279,0.795042898,0.417690418,0.000205943,0.052631579,0.000187627
0.365499573,0.533333333,0.033465554,0.005873217,0.005873179,0.487647059,0.498942918,0.493217054,0.823641563,0.413595414,0.007649309,0,0.000117217
0.365499573,0.6,0.016117266,0.012137981,0.01213795,0.562352941,0.553911205,0.570736434,0.895138227,0.28009828,0.000205943,0.022631579,8.61E-05
0.365499573,0.666666667,0.025235946,0.000639528,0.000639516,0.325294118,0.273784355,0.235465116,0.451858913,0.367731368,0.08237717,0.008947368,0.000152254
0.365499573,0.733333333,0.021292117,0.000456806,0.000456764,0.608823529,0,0,0.542421354,0.448812449,0.012062371,0.268421053,1.66E-05
0.365499573,0.8,0.149204395,0.026194547,0.026194542,0.497647059,0.429175476,0.426356589,0.685414681,0.354627355,0.020888497,0.236842105,0.00141305
0.365499573,0.866666667,1,0.343661494,0.343661449,0.604117647,0.540169133,0.56879845,0.84270734,0.580671581,0.120623713,0.022631579,0.106759292
0.37147737,0,0.030980714,0.029379136,0.029379125,0.221764706,0.536997886,0.460271318,0.556720686,0.477477477,0.08237717,0.011052632,0.006248057
0.37147737,0.066666667,0.051224183,0.021913625,0.021913585,0.5,0.489429175,0.486434109,0.775977121,0.412776413,0.006766696,0.057894737,0.000383162
0.37147737,0.133333333,0.011649113,0.002753886,0.002753861,0.370588235,0.4397463,0.406007752,0.59485224,0.651105651,0.000205943,0.019473684,0.001468851
0.37147737,0.2,0,0.011159112,0.01115911,0.246470588,0.258985201,0.208333333,0.494756911,0.545454545,0.000205943,0.006842105,0.001468851
0.37147737,0.266666667,0.101376921,0.038959005,0.038958964,0.383529412,0.412262156,0.381782946,0.661582459,0.346437346,0.005884084,0.049473684,0.000591428
0.37147737,0.333333333,0.07037341,0.022553153,0.022553147,0.522941176,0.506342495,0.510658915,0.71877979,0.514332514,0.000205943,0.013157895,0.000248603
0.37147737,0.4,0.036999043,0.013299573,0.013299542,0.175882353,0.661733615,0.560077519,0.618684461,0.531531532,0.00353045,0.007368421,0.000121607
0.37147737,0.4,0.036999043,0.013299573,0.013299542,0.175882353,0.661733615,0.560077519,0.618684461,0.531531532,0.003824654,0.008947368,0.000280725
0.37147737,0.466666667,0.033465554,0.026377269,0.026377247,0.288235294,0.642706131,0.576550388,0.799809342,0.421785422,0.000205943,0.036842105,0.000280725
0.37147737,0.533333333,0.03259928,0.007100067,0.007100037,0.408235294,0.552854123,0.526162791,0.833174452,0.434070434,0.007943513,0.022631579,0.000146818
0.37147737,0.6,0.016117266,0.012385962,0.012385921,0.522941176,0.586680761,0.592054264,0.914204004,0.290745291,0.000205943,0.015789474,0.000180058
0.37147737,0.666666667,0.025235946,0.002793041,0.002793038,0.378235294,0.579281184,0.541666667,0.542421354,0.367731368,0.073551044,0.006842105,0.000543773
0.37147737,0.733333333,0.021292117,0.001683655,0.001683622,0.507058824,0.175475687,0.170542636,0.671115348,1,0.019417476,0.020526316,8.81E-05
0.37147737,0.8,0.149204395,0.048760751,0.048760733,0.449411765,0.562367865,0.54748062,0.747378456,0.468468468,0.018240659,0.021578947,0.002293775
0.37147737,0.866666667,1,0.457510539,0.457510514,0.547647059,0.538054968,0.549418605,0.852240229,0.566748567,0.111797588,0.02,0.131719801
0.630230572,0,0.023001869,0.021561232,0.021561232,0.228235294,0.821353066,0.722868217,0.661582459,0.277805078,0.402912621,0.005263158,0.022449266
0.630230572,0.066666667,0.047645101,0.025424503,0.025424504,0.287647059,0.763213531,0.689922481,0.780743565,0.277805078,0.258899676,0.005263158,0.017000544
0.630230572,0.133333333,0.011557926,0.009149167,0.009149167,0.415294118,0.503171247,0.478682171,0.656816015,0.277805078,0,0.005263158,0
0.630230572,0.2,0,0.009401062,0.009401063,0.206470588,0.614164905,0.171511628,0.561487131,0.257002457,0.079288026,0.005263158,0.00193522
0.630230572,0.266666667,0.107167282,0.091948472,0.091948473,0.441176471,0.634249471,0.615310078,0.723546235,0.265683866,0.064724919,0.005263158,0.015336596
0.630230572,0.333333333,0.076642502,0.041856459,0.041856459,0.418823529,0.77167019,0.745155039,0.795042898,0.284357084,0,0.005263158,0
0.630230572,0.4,0.036679889,0.017737115,0.017737115,0.197058824,0.682875264,0.585271318,0.675881792,0.293366093,0.064724919,0.005263158,0.002969005
0.630230572,0.466666667,0.033465554,0.033412078,0.033412078,0.221764706,0.718816068,0.625968992,0.847473785,0.313185913,0.025889968,0.005263158,0.002232518
0.630230572,0.533333333,0.031983769,0.016170924,0.016170924,0.012352941,0.744186047,0.578488372,0.756911344,0.280589681,0.025889968,0.010526316,0.000484524
0.630230572,0.533333333,0.031983769,0.016170924,0.016170924,0.013529412,0.731501057,0.567829457,0.766444233,0.280589681,0.011768167,0.010526316,0.000492362
0.630230572,0.6,0.015798112,0.019238048,0.019238049,0.252941176,0.734672304,0.652131783,0.918970448,0.261425061,0.025889968,0.005263158,0.001287656
0.631084543,0.666666667,0.025509506,0.010885029,0.010885029,0.278235294,0.658562368,0.589147287,0.780743565,0.319246519,0.051779935,0.010526316,0.001461664
0.631084543,0.733333333,0.022728309,0.008405226,0.008405226,0.052352941,0.6205074,0.487403101,0.675881792,0.323341523,0.258899676,0.010526316,0.005655247
0.631084543,0.8,0.138877491,0.089364257,0.089364257,0.045882353,0.566596195,0.437015504,0.680648236,0.333497133,0.038834951,0.015789474,0.008943556
0.631084543,0.866666667,1,0.74420183,0.744201832,0.162352941,0.622621564,0.520348837,0.84270734,0.333497133,0.388349515,0.005263158,0.744221859
0.635354398,0,0.023001869,0.023610332,0.023610332,0.160588235,0.609936575,0.507751938,0.571020019,0.277805078,0.647249191,0.021052632,0.039477977
0.635354398,0.066666667,0.047645101,0.022957752,0.022957753,0.116470588,0.725158562,0.596899225,0.761677788,0.277805078,0.258899676,0.010526316,0.015356172
0.635354398,0.133333333,0.011557926,0.010193294,0.010193295,0.225882353,0.515856237,0.440891473,0.647283127,0.277805078,0,0.010526316,0
0.635354398,0.2,0,0.010029797,0.010029797,0.055882353,0.446088795,0.34496124,0.585319352,0.257002457,0,0.005263158,0
0.635354398,0.266666667,0.107167282,0.070517757,0.070517757,0.188823529,0.664904863,0.564922481,0.714013346,0.265683866,0.012944984,0.005263158,0.002353018
0.635354398,0.333333333,0.076642502,0.039977029,0.03997703,0.302352941,0.748414376,0.682170543,0.804575786,0.284357084,0,0.010526316,0
0.635354398,0.4,0.036679889,0.016340594,0.016340595,0.175294118,0.649048626,0.548449612,0.680648236,0.293366093,0,0.005263158,0
0.635354398,0.466666667,0.033465554,0.031493494,0.031493494,0.238823529,0.735729387,0.647286822,0.795042898,0.313185913,0,0.005263158,0
0.635354398,0.533333333,0.031983769,0.013312625,0.013312625,0.228235294,0.654334038,0.57751938,0.804575786,0.280589681,0,0.005263158,0
0.635354398,0.6,0.015798112,0.0167974,0.016797401,0.28,0.701902748,0.628875969,0.871306006,0.261425061,0,0.005263158,0
0.635354398,0.666666667,0.025509506,0.007204479,0.00720448,0.471176471,0.898520085,0.888565891,1,0.319246519,0.064724919,0.005263158,0.001213703
0.636208369,0.733333333,0.022728309,0.005638288,0.005638289,0.145882353,0.587737844,0.485465116,0.671115348,0.323341523,0.273462783,0.015789474,0.004025122
0.635354398,0.8,0.138877491,0.089129328,0.089129329,0.351764706,0.717758985,0.668604651,0.823641563,0.333497133,0.012944984,0.015789474,0.002973355
0.635354398,0.866666667,1,0.665644292,0.66564429,0.273529412,0.717758985,0.64244186,0.833174452,0.333497133,0.258899676,0.005263158,0.443780316
0.636208369,0.933333333,0.43018283,0.420590193,0.420590193,0.123529412,0.812896406,0.676356589,0.580552908,0.333497133,0.517799353,0.005263158,0.402248439
0.643040137,0,0.023001869,0.046294,0.046294001,0.401176471,0.375264271,0.349806202,0.456625357,0.389025389,0.517799353,0.026315789,0.061824905
0.643040137,0.066666667,0.047645101,0.052415197,0.052415198,0.713529412,0.322410148,0.361434109,0.618684461,0.384930385,0.064724919,0.084210526,0.008748233
0.643040137,0.133333333,0.011557926,0.013377883,0.013377883,0.752352941,0.141649049,0.170542636,0.485224023,0.464373464,0,0.078947368,0
0.643040137,0.2,0,0.015544447,0.015544448,0.553529412,0.220930233,0.223837209,0.466158246,0.368550369,0.012944984,0.010526316,0.000520718
0.643040137,0.266666667,0.107167282,0.100758298,0.100758298,0.751764706,0.32769556,0.374031008,0.599618684,0.285012285,0.012944984,0.136842105,0.003360957
0.643040137,0.333333333,0.076642502,0.082929822,0.082929822,0.775882353,0.497885835,0.56879845,0.771210677,0.428337428,0,0.052631579,0
0.643040137,0.4,0.036679889,0.016758245,0.016758246,0.565882353,0.522198732,0.53875969,0.690181125,0.557739558,0,0,0
0.643040137,0.466666667,0.033465554,0.044075229,0.04407523,0.552352941,0.534883721,0.548449612,0.709246902,0.413595414,0.012944984,0.015789474,0.001471669
0.643040137,0.533333333,0.031983769,0.014187082,0.014187082,0.671764706,0.377378436,0.411821705,0.737845567,0.384111384,0.025889968,0.015789474,0.000950952
0.643040137,0.6,0.015798112,0.01704538,0.017045381,0.72,0.466173362,0.519379845,0.775977121,0.265356265,0,0.026315789,0
0.643040137,0.666666667,0.025509506,0.011250473,0.011250474,0.810588235,0.303382664,0.360465116,0.613918017,0.461916462,0.012944984,0.010526316,0.000377597
0.643040137,0.733333333,0.022728309,0.015609705,0.015609706,0.607058824,0.147991543,0.156007752,0.480457579,0.702702703,0.278317152,0.021052632,0.011242197
0.643040137,0.8,0.138877491,0.08741957,0.08741957,0.642941176,0.409090909,0.438953488,0.618684461,0.404586405,0,0.015789474,0
0.643040137,0.866666667,1,1,1,0.643529412,0.409090909,0.438953488,0.680648236,0.38984439,0.388349515,0.047368421,1
0.643040137,0.866666667,1,1,1,0.635882353,0.398520085,0.426356589,0.680648236,0.388206388,0.388349515,0.073684211,1
0.643040137,0.933333333,0.43018283,0.002453699,0.0024537,0.612352941,0.083509514,0.088178295,0.385128694,0.113841114,0.025889968,0.036842105,0.000168787
0.648163962,0,0.023001869,0.050078962,0.050078963,0.585882353,0.426004228,0.442829457,0.494756911,0.277641278,0.647249191,0.005263158,0.083588907
0.648163962,0.066666667,0.047645101,0.05022253,0.05022253,0.792941176,0.354122622,0.412790698,0.637750238,0.339066339,0.064724919,0.052631579,0.008382817
0.648163962,0.133333333,0.011557926,0.010232449,0.010232449,0.871176471,0.034883721,0.063953488,0.428026692,0.434889435,0,0.005263158,0
0.648163962,0.2,0,0.014036988,0.014036989,0.610588235,0.49577167,0.523255814,0.528122021,0.457821458,0.006472492,0.005263158,0.000235237
0.648163962,0.266666667,0.107167282,0.064944727,0.064944727,0.989411765,0.411205074,0.524224806,0.623450906,0.30958231,0.006472492,0.005263158,0.001083632
0.648163962,0.333333333,0.076642502,0.045367337,0.045367338,0.885882353,0.539112051,0.646317829,0.747378456,0.430794431,0,0,0
0.648163962,0.4,0.036679889,0.019224996,0.019224997,0.371176471,0.553911205,0.506782946,0.561487131,0.486486486,0,0.005263158,0
0.648163962,0.466666667,0.033465554,0.018898707,0.018898707,0.427058824,0.553911205,0.531976744,0.699714013,0.419328419,0.012944984,0.021052632,0.000632518
0.648163962,0.533333333,0.031983769,0.022788081,0.022788082,0.602941176,0.5,0.523255814,0.714013346,0.352170352,0.038834951,0.021052632,0.00228646
0.648163962,0.6,0.015798112,0.019734009,0.019734009,0.629411765,0.528541226,0.562015504,0.780743565,0.268632269,0.006472492,0.015789474,0.000330179
0.648163962,0.666666667,0.025509506,0.013038541,0.013038542,0.747058824,0.170190275,0.199612403,0.509056244,0.322686323,0.064724919,0.005263158,0.001771637
0.648163962,0.666666667,0.025509506,0.013038541,0.013038542,0.738235294,0.251585624,0.287790698,0.518589133,0.321867322,0.064724919,0,0.002185971
0.648163962,0.733333333,0.022728309,0.005390308,0.005390308,0.488235294,0.089852008,0.081395349,0.480457579,0.805077805,0.28802589,0.042105263,0.004055574
0.648163962,0.8,0.138877491,0.103055378,0.103055378,0.535294118,0.419661734,0.424418605,0.59485224,0.389025389,0.129449838,0.010526316,0.034375204
0.648163962,0.866666667,1,0.946018612,0.946018611,0.588235294,0.440803383,0.460271318,0.694947569,0.394758395,0.258899676,0.021052632,0.630681892
0.648163962,0.933333333,0.235284731,0.001775017,0.003309399,0.511764706,0.106765328,0.099806202,0.447092469,0.104832105,0.079288026,0.005263158,0.134259728
0.654141759,0,0.023001869,0.024928543,0.024928543,0.344117647,0.399577167,0.360465116,0.485224023,0.452088452,1,0.005263158,0.064387602
0.654141759,0.066666667,0.047645101,0.021000013,0.021000014,0.554705882,0.513742072,0.526162791,0.733079123,0.3996724,0.025889968,0.036842105,0.001405111
0.654141759,0.133333333,0.011557926,0.006525796,0.006525797,0.664117647,0.264270613,0.28875969,0.518589133,0.529074529,0,0.042105263,0
0.654141759,0.2,0,0.004759668,0.004759668,0.309411765,0.489429175,0.437984496,0.5042898,0.468468468,0,0.010526316,0
0.654141759,0.266666667,0.107167282,0.058810478,0.058810478,0.845882353,0.604651163,0.709302326,0.737845567,0.30958231,0.012944984,0.005263158,0.001962806
0.654141759,0.333333333,0.076642502,0.035565591,0.035565591,0.778823529,0.582452431,0.66375969,0.790276454,0.479115479,0,0.021052632,0
0.654141759,0.4,0.036679889,0.046555032,0.046555032,0.384117647,0.520084567,0.487403101,0.642516683,0.461916462,0,0.026315789,0
0.653287788,0.466666667,0.033465554,0.029718477,0.029718478,0.38,0.613107822,0.576550388,0.71877979,0.402948403,0.03236246,0.021052632,0.002482871
0.653287788,0.533333333,0.031983769,0.012973283,0.012973284,0.352941176,0.581395349,0.536821705,0.814108675,0.380835381,0.012944984,0.026315789,0.000435019
0.653287788,0.6,0.015798112,0.012412065,0.012412065,0.502352941,0.565539112,0.564922481,0.852240229,0.268632269,0,0.005263158,0
0.653287788,0.6,0.015798112,0.012412065,0.012412065,0.501176471,0.565539112,0.563953488,0.852240229,0.268632269,0,0.005263158,0
0.653287788,0.666666667,0.025509506,0.003563085,0.003563085,0.657058824,0.736786469,0.792635659,0.809342231,0.35954136,0.071197411,0.005263158,0.000667537
0.653287788,0.733333333,0.022728309,0.002571164,0.002571164,0.308823529,0.154334038,0.120155039,0.571020019,0.895167895,0.079288026,0.047368421,0.000540892
0.653287788,0.8,0.138877491,0.078283454,0.078283455,0.352941176,0.497885835,0.457364341,0.671115348,0.404586405,0.038834951,0.026315789,0.007835563
0.653287788,0.866666667,1,0.455069891,0.455069892,0.412352941,0.488372093,0.463178295,0.756911344,0.484848485,0.323624595,0.010526316,0.379260468
0.653287788,0.933333333,0.235284731,0.001096334,0.001096334,0.415294118,0.178646934,0.158914729,0.475691134,0.171171171,0.278317152,0.015789474,0.000841762
0.658411614,0,0.023001869,0.023231835,0.023231836,0.29,0.486257928,0.430232558,0.532888465,0.491400491,0.647249191,0.005263158,0.0388472
0.658411614,0.066666667,0.047645101,0.020086402,0.020086402,0.534117647,0.568710359,0.57751938,0.795042898,0.507780508,0.064724919,0.036842105,0.003360522
0.658411614,0.133333333,0.011557926,0.003902426,0.003902427,0.597058824,0.312896406,0.32751938,0.571020019,0.612612613,0,0.052631579,0
0.658411614,0.2,0,0.000747687,0.000747687,0.326470588,0.5602537,0.509689922,0.542421354,0.528255528,0,0.010526316,0
0.658411614,0.266666667,0.107167282,0.052663178,0.052663178,0.821176471,0.623678647,0.722868217,0.761677788,0.343980344,0.025889968,0.015789474,0.003515824
0.658411614,0.333333333,0.076642502,0.036857698,0.036857699,0.736470588,0.610993658,0.683139535,0.818875119,0.530712531,0,0.005263158,0
0.658411614,0.4,0.036679889,0.048708545,0.048708545,0.300588235,0.586680761,0.528100775,0.652049571,0.505323505,0,0.026315789,0
0.658411614,0.466666667,0.033465554,0.026612198,0.026612199,0.308235294,0.643763214,0.583333333,0.804575786,0.452088452,0.006472492,0.031578947,0.000444807
0.658411614,0.533333333,0.031983769,0.009514611,0.009514612,0.385294118,0.595137421,0.561046512,0.837940896,0.442260442,0.025889968,0.036842105,0.000639478
0.658411614,0.6,0.015798112,0.013795534,0.013795534,0.498823529,0.594080338,0.593023256,0.880838894,0.292383292,0,0.005263158,0
0.658411614,0.666666667,0.025509506,0.006042888,0.006042888,0.657647059,0.474630021,0.512596899,0.699714013,0.40950041,0.025889968,0.005263158,0.000408048
0.658411614,0.733333333,0.022728309,0.002349287,0.002349287,0.305294118,0.11627907,0.084302326,0.485224023,0.853398853,0.064724919,0.073684211,0.000404568
0.658411614,0.8,0.138877491,0.0655451,0.0655451,0.366470588,0.568710359,0.529069767,0.709246902,0.448812449,0.051779935,0.026315789,0.008749103
0.658411614,0.866666667,1,0.581265743,0.581265744,0.41,0.517970402,0.492248062,0.799809342,0.573300573,0.258899676,0.021052632,0.387532355
0.658411614,0.933333333,0.235284731,0.000261032,0.000261032,0.297058824,0.11205074,0.07751938,0.47092469,0.004914005,0.038834951,0.068421053,3.39E-05
0.9470538,0,0.023001869,0.029875096,0.029875113,0.17,0.5,0.411821705,0.556720686,0.472563473,0.142394822,0.005263158,0
0.9470538,0.066666667,0.047645101,0.03457367,0.034573657,0.35,0.544397463,0.500968992,0.728312679,0.369369369,0.142394822,0.021052632,0
0.9470538,0.266666667,0.107167282,0.119774468,0.119774466,0.351764706,0.420718816,0.382751938,0.642516683,0.33005733,0.005177994,0.063157895,0
0.9470538,0.333333333,0.076642502,0.064814211,0.064814228,0.437058824,0.628964059,0.608527132,0.84270734,0.492219492,0.005177994,0.005263158,0
0.9470538,0.4,0.036679889,0.021000013,0.02100001,0.129411765,0.657505285,0.541666667,0.637750238,0.524979525,0.006472492,0.005263158,0
0.9470538,0.466666667,0.033465554,0.043474856,0.043474848,0.236470588,0.657505285,0.574612403,0.828408008,0.442260442,0.006472492,0.005263158,0
0.9470538,0.466666667,0.033465554,0.043474856,0.043474848,0.236470588,0.656448203,0.573643411,0.795042898,0.443079443,0.006472492,0.02,0
0.9470538,0.6,0.015798112,0.017463031,0.017463012,0.315294118,0.534883721,0.481589147,0.84270734,0.30958231,0.011650485,0.005263158,0
0.9470538,0.733333333,0.022728309,0.008339968,0.008339984,0.261764706,0.309725159,0.25872093,0.580552908,0.721539722,0.028478964,0.026315789,0
0.9470538,0.733333333,0.022728309,0.008339968,0.008339984,0.260588235,0.278012685,0.228682171,0.575786463,0.727272727,0.028478964,0.031578947,0
0.9470538,0.8,0.138877491,0.112635247,0.112635114,0.285294118,0.533826638,0.472868217,0.685414681,0.413595414,0.0802589,0.005263158,0
0.970964987,0,0.023001869,0.03007087,0.030069987,0.33,0.420718816,0.379844961,0.461391802,0.465192465,0.142394822,0.015789474,0
0.970964987,0.066666667,0.047645101,0.021587335,0.02161224,0.659411765,0.422832981,0.454457364,0.652049571,0.440622441,0.142394822,0.110526316,0
0.970964987,0.266666667,0.107167282,0.079927955,0.079977609,0.517647059,0.294926004,0.292635659,0.566253575,0.343980344,0.005177994,0.068421053,0
0.970964987,0.333333333,0.076642502,0.04964826,0.049672602,0.719411765,0.420718816,0.46996124,0.694947569,0.48976249,0.005177994,0.015789474,0
0.970964987,0.333333333,0.076642502,0.04964826,0.049672602,0.712941176,0.424947146,0.470930233,0.685414681,0.490581491,0.005177994,0.031578947,0
0.970964987,0.4,0.036679889,0.021326303,0.021331083,0.231176471,0.644820296,0.561046512,0.547187798,0.533988534,0.006472492,0.005263158,0
0.970964987,0.466666667,0.033465554,0.031506545,0.031558735,0.524705882,0.565539112,0.573643411,0.714013346,0.437346437,0.006472492,0.057894737,0
0.970964987,0.6,0.015798112,0.011407092,0.011435289,0.761764706,0.467230444,0.532945736,0.78551001,0.278460278,0.011650485,0.010526316,0
0.970964987,0.733333333,0.022728309,0.002793041,0.002737867,0.638823529,0.328752643,0.352713178,0.561487131,0.764946765,0.028478964,0.057894737,0
0.970964987,0.8,0.138877491,0.103290307,0.103262916,0.784117647,0.394291755,0.455426357,0.585319352,0.374283374,0.0802589,0.036842105,0
0.994876174,0,0.023001869,0.028896227,0.02889466,0.23,0.511627907,0.437984496,0.59485224,0.493038493,0.142394822,0.026315789,0
0.994876174,0.066666667,0.047645101,0.016366698,0.016367054,0.458823529,0.50845666,0.495155039,0.833174452,0.466830467,0.142394822,0.052631579,0
0.994876174,0.266666667,0.107167282,0.065832235,0.0658322,0.388823529,0.329809725,0.302325581,0.666348904,0.363636364,0.005177994,0.068421053,0
0.994876174,0.266666667,0.107167282,0.065832235,0.0658322,0.389411765,0.325581395,0.298449612,0.671115348,0.362817363,0.005177994,0.005263158,0
0.994876174,0.333333333,0.076642502,0.044949686,0.044998948,0.544117647,0.467230444,0.475775194,0.780743565,0.507780508,0.005177994,0.005263158,0
0.994876174,0.4,0.036679889,0.02015166,0.020151147,0.182941176,0.66807611,0.566860465,0.671115348,0.540540541,0.006472492,0.015789474,0
0.994876174,0.466666667,0.033465554,0.027982615,0.027982053,0.328823529,0.665961945,0.612403101,0.861773117,0.43980344,0.006472492,0.042105263,0
0.994876174,0.6,0.015798112,0.00827471,0.008273428,0.575882353,0.561310782,0.580426357,0.96663489,0.266175266,0.011650485,0.031578947,0
0.994876174,0.733333333,0.022728309,0.00057427,0.000576187,0.453529412,0.177589852,0.164728682,0.656816015,0.963963964,0.028478964,0.005263158,0
0.994876174,0.8,0.138877491,0.050300839,0.050299443,0.515294118,0.502114165,0.504844961,0.814108675,0.456183456,0.0802589,0.010526316,0
1,0,0.023001869,0.025241781,0.025239623,0.270588235,0.470401691,0.409883721,0.561487131,0.485667486,0.142394822,0.005263158,0.008441544
1,0.066666667,0.047645101,0.019238048,0.019261586,0.564117647,0.480972516,0.495155039,0.780743565,0.478296478,0.142394822,0.036842105,0.008441544
1,0.266666667,0.107167282,0.059697986,0.059697452,0.507647059,0.279069767,0.275193798,0.661582459,0.356265356,0.005177994,0.057894737,0.000703165
1,0.266666667,0.107167282,0.059697986,0.059697452,0.508235294,0.263213531,0.25872093,0.666348904,0.356265356,0.005177994,0.063157895,0.000703165
1,0.333333333,0.076642502,0.076926089,0.076926367,0.67,0.466173362,0.506782946,0.799809342,0.479115479,0.005177994,0.015789474,0.000703165
1,0.4,0.036679889,0.025763844,0.025765063,0.269411765,0.562367865,0.510658915,0.618684461,0.494676495,0.006472492,0.021052632,0.000792126
1,0.466666667,0.033465554,0.031245514,0.031245315,0.434117647,0.61205074,0.593992248,0.837940896,0.411138411,0.006472492,0.031578947,0.000216857
1,0.6,0.015798112,0.017410825,0.017353407,0.62,0.561310782,0.593992248,0.918970448,0.280917281,0.011650485,0.015789474,0.000298467
1,0.733333333,0.022728309,0.01532257,0.015320783,0.665294118,0.39640592,0.43120155,0.623450906,0.423423423,0.028478964,0.147368421,0.001912344
1,0.8,0.138877491,0.136963416,0.136964849,0.642941176,0.427061311,0.457364341,0.685414681,0.303030303,0.0802589,0.084210526,0.079418815
